{
  "admin": {
    "password": "240be518fabd2724",
    "premium": true,
    "premium_until": 1810473778.0921109,
    "created": 1778937778.0921118
  }
}